date_time,maxtempC,mintempC,totalSnow_cm,sunHour,uvIndex,moon_illumination,moonrise,moonset,sunrise,sunset,DewPointC,FeelsLikeC,HeatIndexC,WindChillC,WindGustKmph,cloudcover,humidity,precipMM,pressure,tempC,visibility,winddirDegree,windspeedKmph,location
2021-01-01,19,11,0.0,7.2,4,79,08:25 PM,08:12 AM,06:04 AM,05:56 PM,11,15,14,15,5,72,84,11.6,1014,19,9,145,4,bogota
2021-01-02,20,9,0.0,7.2,4,71,09:18 PM,09:03 AM,06:05 AM,05:57 PM,11,14,14,14,6,58,83,9.1,1013,20,9,154,4,bogota
2021-01-03,19,11,0.0,4.3,4,64,10:09 PM,09:52 AM,06:05 AM,05:57 PM,12,14,14,14,6,69,85,12.9,1013,19,9,187,4,bogota
2021-01-04,19,10,0.0,5.8,4,57,11:00 PM,10:39 AM,06:05 AM,05:58 PM,11,14,14,14,7,60,83,5.6,1012,19,9,172,5,bogota
2021-01-05,19,9,0.0,7.2,4,50,11:50 PM,11:26 AM,06:06 AM,05:58 PM,10,14,14,14,7,54,79,3.4,1013,19,10,193,5,bogota
2021-01-06,18,10,0.0,7.2,4,42,No moonrise,12:12 PM,06:06 AM,05:59 PM,10,13,13,13,4,56,82,6.7,1013,18,9,148,3,bogota
2021-01-07,17,11,0.0,4.3,4,35,12:41 AM,01:00 PM,06:07 AM,05:59 PM,12,14,14,14,3,78,85,18.5,1014,17,8,141,2,bogota
2021-01-08,18,11,0.0,4.3,4,28,01:34 AM,01:50 PM,06:07 AM,05:59 PM,11,14,14,14,5,76,84,12.2,1014,18,8,147,4,bogota
2021-01-09,17,12,0.0,6.0,3,20,02:30 AM,02:44 PM,06:07 AM,06:00 PM,12,14,14,14,4,72,88,17.2,1014,17,8,129,3,bogota
2021-01-10,18,11,0.0,6.0,3,13,03:29 AM,03:42 PM,06:08 AM,06:00 PM,11,14,14,14,5,64,84,10.5,1014,18,8,134,3,bogota
2021-01-11,18,10,0.0,6.0,3,6,04:30 AM,04:42 PM,06:08 AM,06:01 PM,11,13,13,13,7,66,84,7.3,1014,18,9,124,5,bogota
2021-01-12,19,10,0.0,8.8,4,0,05:32 AM,05:43 PM,06:08 AM,06:01 PM,11,14,14,14,7,64,81,6.5,1013,19,9,134,4,bogota
2021-01-13,21,9,0.0,7.4,4,0,06:31 AM,06:42 PM,06:09 AM,06:02 PM,9,14,15,14,6,47,71,3.2,1013,21,10,145,4,bogota
2021-01-14,21,10,0.0,8.8,4,1,07:27 AM,07:38 PM,06:09 AM,06:02 PM,10,15,15,15,5,54,77,5.6,1012,21,10,147,3,bogota
2021-01-15,20,11,0.0,6.0,4,8,08:18 AM,08:30 PM,06:09 AM,06:02 PM,11,15,15,15,4,77,81,5.0,1012,20,10,145,3,bogota
2021-01-16,20,10,0.0,7.4,4,16,09:05 AM,09:18 PM,06:09 AM,06:03 PM,11,15,15,15,5,65,81,4.4,1012,20,10,139,4,bogota
2021-01-17,20,10,0.0,8.8,4,23,09:48 AM,10:03 PM,06:10 AM,06:03 PM,11,14,14,14,5,68,80,5.1,1012,20,9,131,3,bogota
2021-01-18,21,10,0.0,8.8,4,30,10:28 AM,10:47 PM,06:10 AM,06:04 PM,10,15,15,15,5,56,76,5.2,1013,21,10,152,4,bogota
2021-01-19,22,10,0.0,10.2,4,38,11:08 AM,11:29 PM,06:10 AM,06:04 PM,9,15,15,15,6,44,72,3.0,1013,22,10,138,4,bogota
2021-01-20,21,10,0.0,8.8,4,45,11:47 AM,No moonset,06:10 AM,06:04 PM,9,15,15,15,7,52,73,1.8,1012,21,10,149,5,bogota
2021-01-21,21,10,0.0,8.8,4,52,12:26 PM,12:12 AM,06:11 AM,06:05 PM,10,15,15,15,6,49,76,4.0,1012,21,10,158,5,bogota
2021-01-22,19,11,0.0,6.0,4,59,01:08 PM,12:56 AM,06:11 AM,06:05 PM,11,15,14,15,5,66,82,7.9,1013,19,9,134,4,bogota
2021-01-23,19,10,0.0,7.4,4,67,01:53 PM,01:42 AM,06:11 AM,06:05 PM,11,14,14,14,5,64,83,9.8,1013,19,9,137,3,bogota
2021-01-24,19,10,0.0,7.4,4,74,02:40 PM,02:29 AM,06:11 AM,06:06 PM,11,14,14,14,7,64,82,9.4,1012,19,9,134,5,bogota
2021-01-25,19,11,0.0,10.2,4,81,03:31 PM,03:21 AM,06:11 AM,06:06 PM,11,14,14,14,7,55,81,8.3,1012,19,9,126,5,bogota
2021-01-26,22,10,0.0,7.4,4,88,04:24 PM,04:14 AM,06:11 AM,06:06 PM,10,15,15,15,7,48,77,3.2,1012,22,10,149,5,bogota
2021-01-27,22,10,0.0,8.8,4,96,05:20 PM,05:08 AM,06:12 AM,06:07 PM,10,15,15,15,6,53,76,2.9,1012,22,10,147,4,bogota
2021-01-28,21,10,0.0,6.0,4,100,06:16 PM,06:03 AM,06:12 AM,06:07 PM,11,15,15,15,5,80,81,4.7,1012,21,10,186,4,bogota
2021-01-29,20,12,0.0,7.4,4,90,07:11 PM,06:56 AM,06:12 AM,06:07 PM,12,15,15,15,4,63,81,5.0,1012,20,10,140,3,bogota
2021-01-30,22,10,0.0,10.2,4,82,08:04 PM,07:47 AM,06:12 AM,06:07 PM,9,16,17,16,8,39,69,1.9,1012,22,10,131,6,bogota
2021-01-31,21,9,0.0,10.2,4,79,08:56 PM,08:36 AM,06:12 AM,06:08 PM,9,14,15,14,9,32,71,0.4,1012,21,10,128,6,bogota
2021-02-01,20,9,0.0,8.8,4,63,09:48 PM,09:24 AM,06:12 AM,06:08 PM,10,14,15,14,7,50,77,4.4,1011,20,10,137,5,bogota
2021-02-02,21,11,0.0,7.4,4,55,10:38 PM,10:10 AM,06:12 AM,06:08 PM,12,15,15,15,6,69,80,11.6,1012,21,9,150,4,bogota
2021-02-03,21,12,0.0,8.8,4,48,11:31 PM,10:58 AM,06:12 AM,06:08 PM,12,16,16,16,6,55,79,7.5,1012,21,9,143,5,bogota
2021-02-04,20,11,0.0,8.8,4,40,No moonrise,11:47 AM,06:12 AM,06:08 PM,12,15,15,15,7,64,79,8.0,1013,20,9,135,5,bogota
2021-02-05,20,12,0.0,6.0,4,33,12:24 AM,12:38 PM,06:12 AM,06:09 PM,12,16,16,16,6,82,82,18.6,1013,20,8,143,4,bogota
2021-02-06,21,12,0.0,6.0,4,25,01:21 AM,01:34 PM,06:12 AM,06:09 PM,12,16,16,16,5,77,80,15.4,1013,21,9,145,4,bogota
2021-02-07,21,12,0.0,7.4,4,18,02:20 AM,02:31 PM,06:12 AM,06:09 PM,12,16,16,16,6,64,81,11.2,1013,21,10,151,4,bogota
2021-02-08,20,13,0.0,7.4,4,10,03:20 AM,03:31 PM,06:12 AM,06:09 PM,13,16,16,16,5,75,83,19.8,1012,20,8,168,3,bogota
2021-02-09,18,13,0.0,6.0,4,3,04:18 AM,04:29 PM,06:12 AM,06:09 PM,13,15,15,15,6,78,86,30.8,1012,18,9,196,3,bogota
2021-02-10,19,12,0.0,6.0,4,0,05:15 AM,05:26 PM,06:12 AM,06:09 PM,12,15,15,15,8,72,83,11.9,1012,19,9,219,5,bogota
2021-02-11,20,11,0.0,8.8,4,0,06:07 AM,06:19 PM,06:11 AM,06:09 PM,11,15,15,15,6,55,79,5.1,1012,20,10,168,5,bogota
2021-02-12,18,12,0.0,7.4,4,0,06:56 AM,07:09 PM,06:11 AM,06:09 PM,13,15,15,15,4,68,86,13.4,1011,18,9,190,2,bogota
2021-02-13,19,12,0.0,6.0,4,5,07:41 AM,07:56 PM,06:11 AM,06:10 PM,13,15,15,15,4,76,85,11.4,1012,19,9,173,3,bogota
2021-02-14,19,13,0.0,6.0,4,12,08:22 AM,08:40 PM,06:11 AM,06:10 PM,13,15,15,15,5,75,85,22.0,1013,19,8,195,3,bogota
2021-02-15,19,13,0.0,6.0,4,20,09:03 AM,09:23 PM,06:11 AM,06:10 PM,12,16,16,16,8,74,82,17.4,1013,19,8,250,5,bogota
2021-02-16,19,12,0.0,6.0,4,27,09:42 AM,10:06 PM,06:11 AM,06:10 PM,12,15,15,15,8,65,80,9.9,1013,19,9,222,6,bogota
2021-02-17,19,11,0.0,7.4,4,35,10:21 AM,10:49 PM,06:11 AM,06:10 PM,11,15,15,15,6,53,81,5.4,1013,19,9,199,5,bogota
2021-02-18,19,11,0.0,6.0,4,42,11:02 AM,11:34 PM,06:10 AM,06:10 PM,12,15,15,15,7,73,83,11.0,1013,19,9,161,5,bogota
2021-02-19,18,11,0.0,7.4,4,50,11:45 AM,No moonset,06:10 AM,06:10 PM,11,14,14,14,6,73,84,8.3,1014,18,8,173,4,bogota
2021-02-20,19,12,0.0,7.4,4,58,12:31 PM,12:20 AM,06:10 AM,06:10 PM,12,15,15,15,5,74,83,10.4,1014,19,9,167,4,bogota
2021-02-21,17,12,0.0,6.0,4,65,01:20 PM,01:10 AM,06:10 AM,06:10 PM,12,15,15,15,4,78,87,17.8,1014,17,7,223,3,bogota
2021-02-22,18,13,0.0,6.0,4,73,02:11 PM,02:02 AM,06:10 AM,06:10 PM,13,15,15,15,4,68,85,18.6,1013,18,9,160,3,bogota
2021-02-23,20,12,0.0,6.0,4,80,03:06 PM,02:55 AM,06:09 AM,06:10 PM,12,15,15,15,6,77,79,5.1,1012,20,10,141,5,bogota
2021-02-24,19,11,0.0,6.0,4,88,04:02 PM,03:50 AM,06:09 AM,06:10 PM,12,15,15,15,6,74,82,5.1,1013,19,9,135,5,bogota
2021-02-25,21,13,0.0,6.0,4,95,04:57 PM,04:43 AM,06:09 AM,06:10 PM,12,16,16,16,6,71,81,8.0,1011,21,9,135,4,bogota
2021-02-26,21,13,0.0,6.0,4,100,05:53 PM,05:36 AM,06:08 AM,06:10 PM,13,16,16,16,6,66,83,21.2,1010,21,8,153,4,bogota
2021-02-27,19,13,0.0,6.0,4,90,06:46 PM,06:26 AM,06:08 AM,06:10 PM,13,16,16,16,5,75,84,27.4,1011,19,7,143,3,bogota
2021-02-28,19,13,0.0,6.0,4,82,07:39 PM,07:16 AM,06:08 AM,06:09 PM,13,16,16,16,4,70,85,32.8,1010,19,8,172,3,bogota
2021-03-01,17,13,0.0,6.0,4,79,08:32 PM,08:04 AM,06:08 AM,06:09 PM,12,15,15,15,6,73,87,45.0,1011,17,8,212,4,bogota
2021-03-02,17,11,0.0,6.0,3,72,09:25 PM,08:53 AM,06:07 AM,06:09 PM,12,14,14,14,5,81,89,25.3,1012,17,8,213,3,bogota
2021-03-03,17,11,0.0,6.0,3,65,10:20 PM,09:43 AM,06:07 AM,06:09 PM,11,14,14,14,5,71,84,16.3,1013,17,9,149,4,bogota
2021-03-04,18,9,0.0,8.8,4,57,11:17 PM,10:35 AM,06:07 AM,06:09 PM,10,13,14,13,5,64,79,11.0,1014,18,9,158,4,bogota
2021-03-05,18,12,0.0,6.0,4,50,No moonrise,11:30 AM,06:06 AM,06:09 PM,11,14,14,14,5,69,83,12.4,1013,18,8,125,3,bogota
2021-03-06,19,13,0.0,6.0,4,43,12:15 AM,12:26 PM,06:06 AM,06:09 PM,13,16,15,16,5,74,84,34.1,1012,19,8,145,3,bogota
2021-03-07,20,13,0.0,7.4,4,35,01:15 AM,01:25 PM,06:06 AM,06:09 PM,12,15,15,15,5,68,84,11.8,1014,20,9,120,4,bogota
2021-03-08,20,13,0.0,6.0,4,28,02:13 AM,02:22 PM,06:05 AM,06:09 PM,12,16,16,16,4,72,80,10.2,1013,20,8,133,3,bogota
2021-03-09,19,13,0.0,6.0,4,21,03:09 AM,03:19 PM,06:05 AM,06:09 PM,12,15,15,15,5,61,83,22.1,1013,19,8,174,4,bogota
2021-03-10,18,12,0.0,6.0,4,14,04:02 AM,04:12 PM,06:04 AM,06:08 PM,12,15,15,15,4,81,86,23.8,1013,18,8,165,3,bogota
2021-03-11,16,13,0.0,6.0,3,6,04:50 AM,05:02 PM,06:04 AM,06:08 PM,12,14,14,14,4,82,90,36.0,1014,16,7,246,3,bogota
2021-03-12,15,12,0.0,7.4,3,0,05:36 AM,05:50 PM,06:04 AM,06:08 PM,12,14,14,14,6,70,90,17.1,1015,15,9,288,4,bogota
2021-03-13,17,12,0.0,7.4,3,0,06:18 AM,06:34 PM,06:03 AM,06:08 PM,12,14,14,14,5,82,89,27.9,1015,17,8,268,4,bogota
2021-03-14,18,12,0.0,6.0,3,1,06:59 AM,07:18 PM,06:03 AM,06:08 PM,12,14,15,14,3,77,87,21.7,1014,18,9,256,2,bogota
2021-03-15,17,12,0.0,7.4,3,8,07:38 AM,08:01 PM,06:02 AM,06:08 PM,12,14,14,14,5,68,87,27.8,1014,17,8,137,3,bogota
2021-03-16,18,12,0.0,6.0,4,15,08:17 AM,08:44 PM,06:02 AM,06:08 PM,12,15,15,15,4,67,87,30.0,1013,18,8,216,3,bogota
2021-03-17,17,12,0.0,6.0,4,23,08:58 AM,09:28 PM,06:02 AM,06:07 PM,12,14,14,14,4,67,87,18.7,1013,17,9,228,3,bogota
2021-03-18,18,12,0.0,7.4,4,30,09:40 AM,10:14 PM,06:01 AM,06:07 PM,12,15,15,15,4,71,85,17.0,1013,18,9,164,3,bogota
2021-03-19,17,11,0.0,6.0,4,37,10:24 AM,11:02 PM,06:01 AM,06:07 PM,12,14,14,14,6,75,86,15.0,1013,17,9,204,4,bogota
2021-03-20,17,12,0.0,8.9,4,44,11:11 AM,11:52 PM,06:00 AM,06:07 PM,12,15,15,15,5,65,86,17.0,1013,17,9,193,4,bogota
2021-03-21,18,13,0.0,7.5,4,52,12:01 PM,No moonset,06:00 AM,06:07 PM,13,15,15,15,4,78,87,21.3,1013,18,8,232,3,bogota
2021-03-22,18,12,0.0,7.5,4,59,12:53 PM,12:44 AM,06:00 AM,06:07 PM,12,15,14,15,5,71,84,17.2,1013,18,9,138,3,bogota
2021-03-23,17,12,0.0,9.1,4,66,01:48 PM,01:37 AM,05:59 AM,06:06 PM,12,14,14,14,5,69,86,22.1,1014,17,8,163,4,bogota
2021-03-24,17,12,0.0,7.8,4,73,02:42 PM,02:30 AM,05:59 AM,06:06 PM,12,14,14,14,6,72,88,42.8,1014,17,8,128,4,bogota
2021-03-25,16,13,0.0,7.8,3,81,03:37 PM,03:22 AM,05:58 AM,06:06 PM,12,14,14,14,5,70,89,31.9,1014,16,8,134,4,bogota
2021-03-26,18,12,0.0,9.1,4,88,04:31 PM,04:13 AM,05:58 AM,06:06 PM,12,15,15,15,4,64,82,7.2,1013,18,9,121,3,bogota
2021-03-27,18,13,0.0,7.8,4,95,05:25 PM,05:03 AM,05:57 AM,06:06 PM,13,15,15,15,5,77,86,26.7,1012,18,8,145,3,bogota
2021-03-28,18,12,0.0,7.8,4,100,06:18 PM,05:53 AM,05:57 AM,06:06 PM,12,15,15,15,5,72,86,19.4,1013,18,8,137,4,bogota
2021-03-29,16,12,0.0,7.8,3,100,07:13 PM,06:42 AM,05:57 AM,06:05 PM,11,14,14,14,5,73,85,4.5,1015,16,10,119,4,bogota
2021-03-30,20,12,0.0,9.1,4,83,08:09 PM,07:33 AM,05:56 AM,06:05 PM,12,15,15,15,7,60,82,10.0,1014,20,9,128,6,bogota
2021-03-31,19,13,0.0,9.1,4,79,09:07 PM,08:25 AM,05:56 AM,06:05 PM,12,15,15,15,7,71,84,10.1,1014,19,8,131,5,bogota
2021-04-01,19,12,0.0,11.8,4,63,10:07 PM,09:21 AM,05:55 AM,06:05 PM,12,15,15,15,6,51,83,15.2,1013,19,9,149,5,bogota
2021-04-02,18,13,0.0,7.8,4,56,11:08 PM,10:19 AM,05:55 AM,06:05 PM,13,15,15,15,6,75,88,32.4,1014,18,8,116,5,bogota
2021-04-03,17,13,0.0,7.8,4,48,No moonrise,11:19 AM,05:55 AM,06:05 PM,13,15,14,15,4,75,90,14.5,1015,17,8,144,3,bogota
2021-04-04,18,11,0.0,9.2,4,41,12:08 AM,12:18 PM,05:54 AM,06:04 PM,12,15,15,15,6,64,85,9.1,1014,18,9,140,4,bogota
2021-04-05,18,13,0.0,7.8,4,33,01:06 AM,01:15 PM,05:54 AM,06:04 PM,13,15,15,15,6,75,86,16.2,1014,18,9,146,4,bogota
2021-04-06,15,13,0.0,7.8,3,26,01:59 AM,02:09 PM,05:53 AM,06:04 PM,12,14,14,14,6,72,89,6.3,1016,15,8,100,5,bogota
2021-04-07,17,12,0.0,9.2,4,18,02:49 AM,03:00 PM,05:53 AM,06:04 PM,12,15,14,15,7,61,84,8.4,1015,17,9,123,5,bogota
2021-04-08,17,12,0.0,9.2,4,11,03:34 AM,03:47 PM,05:53 AM,06:04 PM,12,14,14,14,4,66,86,2.1,1016,17,9,123,3,bogota
2021-04-09,17,12,0.0,7.8,4,3,04:17 AM,04:32 PM,05:52 AM,06:04 PM,12,14,14,14,5,75,89,10.2,1016,17,9,147,3,bogota
2021-04-10,18,12,0.0,9.2,4,0,04:57 AM,05:15 PM,05:52 AM,06:03 PM,12,15,15,15,6,75,85,14.1,1015,18,9,126,4,bogota
2021-04-11,19,12,0.0,9.2,4,0,05:37 AM,05:58 PM,05:51 AM,06:03 PM,12,15,15,15,6,67,85,13.7,1014,19,9,144,5,bogota
2021-04-12,19,11,0.0,9.2,4,0,06:16 AM,06:41 PM,05:51 AM,06:03 PM,12,15,15,15,7,66,84,12.0,1015,19,8,125,5,bogota
2021-04-13,15,11,0.0,7.8,3,4,06:56 AM,07:25 PM,05:51 AM,06:03 PM,11,13,13,13,8,71,92,18.1,1017,15,9,120,6,bogota
2021-04-14,19,11,0.0,10.5,4,12,07:37 AM,08:09 PM,05:50 AM,06:03 PM,12,15,15,15,7,59,83,10.6,1016,19,9,135,5,bogota
2021-04-15,17,12,0.0,9.2,4,19,08:20 AM,08:57 PM,05:50 AM,06:03 PM,12,15,14,15,5,77,84,8.6,1016,17,9,118,4,bogota
2021-04-16,18,11,0.0,9.2,4,27,09:06 AM,09:46 PM,05:50 AM,06:03 PM,12,15,15,15,6,66,84,6.9,1015,18,9,141,4,bogota
2021-04-17,16,10,0.0,7.8,3,34,09:55 AM,10:36 PM,05:49 AM,06:03 PM,11,13,13,13,5,64,88,3.3,1017,16,9,122,4,bogota
2021-04-18,19,12,0.0,7.8,4,42,10:45 AM,11:29 PM,05:49 AM,06:03 PM,12,15,14,15,5,71,86,9.6,1017,19,8,147,4,bogota
2021-04-19,20,10,0.0,12.5,4,50,11:38 AM,No moonset,05:49 AM,06:02 PM,11,14,14,14,8,48,82,4.0,1017,20,10,139,6,bogota
2021-04-20,20,10,0.0,10.5,4,57,12:31 PM,12:20 AM,05:48 AM,06:02 PM,10,14,14,14,7,57,79,3.2,1017,20,10,149,5,bogota
2021-04-21,17,11,0.0,9.2,4,65,01:24 PM,01:11 AM,05:48 AM,06:02 PM,12,14,14,14,4,64,87,10.3,1017,17,8,160,3,bogota
2021-04-22,16,13,0.0,7.8,3,72,02:17 PM,02:01 AM,05:48 AM,06:02 PM,13,15,14,15,5,70,90,14.7,1016,16,7,135,4,bogota
2021-04-23,18,12,0.0,9.2,4,80,03:10 PM,02:50 AM,05:47 AM,06:02 PM,12,15,15,15,6,70,85,10.7,1016,18,9,131,4,bogota
2021-04-24,19,13,0.0,7.8,4,87,04:02 PM,03:39 AM,05:47 AM,06:02 PM,12,16,15,16,5,76,85,9.8,1016,19,9,144,4,bogota
2021-04-25,19,12,0.0,7.8,4,95,04:56 PM,04:27 AM,05:47 AM,06:02 PM,12,15,15,15,6,80,85,8.3,1015,19,9,150,4,bogota
2021-04-26,20,12,0.0,9.2,4,100,05:51 PM,05:18 AM,05:46 AM,06:02 PM,12,16,15,16,6,66,84,9.2,1015,20,9,147,4,bogota
2021-04-27,17,13,0.0,7.9,4,100,06:49 PM,06:10 AM,05:46 AM,06:02 PM,13,15,15,15,4,77,91,31.5,1014,17,8,153,2,bogota
2021-04-28,14,13,0.0,7.9,3,83,07:51 PM,07:06 AM,05:46 AM,06:02 PM,12,13,13,13,4,74,94,12.9,1016,14,9,181,3,bogota
2021-04-29,16,12,0.0,7.9,3,75,08:54 PM,08:05 AM,05:46 AM,06:02 PM,12,13,13,13,3,76,92,3.9,1017,16,6,235,3,bogota
2021-04-30,13,12,0.0,7.9,3,67,09:57 PM,09:06 AM,05:45 AM,06:02 PM,12,12,12,12,3,82,96,17.9,1018,13,7,218,2,bogota
2021-05-01,17,10,0.0,7.9,3,65,10:58 PM,10:08 AM,05:45 AM,06:02 PM,12,13,13,13,4,77,91,22.2,1017,17,7,227,3,bogota
2021-05-02,16,12,0.0,9.2,3,58,11:55 PM,11:08 AM,05:45 AM,06:02 PM,12,14,14,14,3,72,90,17.9,1017,16,8,186,2,bogota
2021-05-03,13,12,0.0,7.9,3,50,No moonrise,12:05 PM,05:45 AM,06:02 PM,11,12,12,12,3,72,94,12.8,1019,13,8,206,3,bogota
2021-05-04,16,11,0.0,10.5,3,43,12:46 AM,12:57 PM,05:45 AM,06:02 PM,11,13,13,13,4,59,88,5.6,1017,16,10,142,3,bogota
2021-05-05,17,11,0.0,10.5,4,36,01:34 AM,01:46 PM,05:44 AM,06:02 PM,12,14,14,14,4,67,90,14.7,1018,17,7,219,3,bogota
2021-05-06,17,12,0.0,9.2,4,29,02:17 AM,02:31 PM,05:44 AM,06:02 PM,13,14,14,14,6,67,91,22.4,1017,17,8,192,4,bogota
2021-05-07,16,11,0.0,10.5,3,21,02:58 AM,03:15 PM,05:44 AM,06:02 PM,12,14,14,14,4,58,89,3.2,1017,16,10,166,3,bogota
2021-05-08,15,11,0.0,7.9,3,14,03:37 AM,03:57 PM,05:44 AM,06:02 PM,12,13,13,13,5,70,93,13.0,1018,15,9,154,4,bogota
2021-05-09,17,11,0.0,9.2,3,7,04:16 AM,04:39 PM,05:44 AM,06:02 PM,12,14,14,14,5,66,90,6.7,1017,17,7,135,4,bogota
2021-05-10,17,11,0.0,7.9,4,0,04:55 AM,05:23 PM,05:44 AM,06:02 PM,11,14,14,14,8,70,86,6.8,1016,17,8,116,6,bogota
2021-05-11,17,10,0.0,10.5,3,0,05:36 AM,06:07 PM,05:43 AM,06:02 PM,11,13,13,13,8,56,86,4.3,1017,17,10,118,5,bogota
2021-05-12,18,12,0.0,7.9,4,0,06:18 AM,06:53 PM,05:43 AM,06:02 PM,12,14,14,14,7,74,87,5.9,1017,18,9,127,5,bogota
2021-05-13,18,11,0.0,10.5,4,8,07:03 AM,07:42 PM,05:43 AM,06:02 PM,11,14,14,14,9,55,86,6.6,1017,18,10,122,6,bogota
2021-05-14,19,11,0.0,10.5,4,15,07:51 AM,08:32 PM,05:43 AM,06:03 PM,12,14,15,14,8,60,85,9.7,1016,19,8,125,5,bogota
2021-05-15,18,11,0.0,11.9,4,22,08:41 AM,09:24 PM,05:43 AM,06:03 PM,12,14,14,14,7,62,88,11.5,1016,18,9,139,5,bogota
2021-05-16,17,12,0.0,9.2,4,29,09:33 AM,10:15 PM,05:43 AM,06:03 PM,13,15,14,15,6,67,90,14.0,1017,17,8,139,4,bogota
2021-05-17,18,13,0.0,9.2,4,37,10:25 AM,11:06 PM,05:43 AM,06:03 PM,13,15,15,15,5,69,89,7.1,1017,18,8,122,4,bogota
2021-05-18,15,11,0.0,9.2,3,44,11:17 AM,11:55 PM,05:43 AM,06:03 PM,12,13,13,13,5,71,92,9.0,1017,15,8,122,3,bogota
2021-05-19,19,9,0.0,10.5,4,51,12:08 PM,No moonset,05:43 AM,06:03 PM,11,14,14,14,7,60,84,9.9,1017,19,9,145,4,bogota
2021-05-20,18,11,0.0,10.5,4,58,12:59 PM,12:43 AM,05:43 AM,06:03 PM,12,14,14,14,8,62,85,8.5,1016,18,8,119,5,bogota
2021-05-21,19,11,0.0,9.2,4,66,01:50 PM,01:30 AM,05:43 AM,06:03 PM,12,14,14,14,8,64,86,9.1,1016,19,8,108,6,bogota
2021-05-22,19,11,0.0,9.2,4,73,02:41 PM,02:16 AM,05:43 AM,06:04 PM,12,15,15,15,7,67,85,10.2,1016,19,9,113,5,bogota
2021-05-23,19,12,0.0,11.9,4,80,03:34 PM,03:04 AM,05:43 AM,06:04 PM,13,15,15,15,6,67,87,8.4,1016,19,8,126,5,bogota
2021-05-24,16,12,0.0,9.2,3,88,04:30 PM,03:54 AM,05:43 AM,06:04 PM,12,13,13,13,7,62,90,2.8,1017,16,7,111,6,bogota
2021-05-25,18,13,0.0,10.5,4,95,05:30 PM,04:47 AM,05:43 AM,06:04 PM,13,15,15,15,7,58,86,6.5,1017,18,9,135,5,bogota
2021-05-26,15,13,0.0,9.2,3,100,06:32 PM,05:45 AM,05:43 AM,06:04 PM,12,14,14,14,6,68,91,2.2,1018,15,7,110,5,bogota
2021-05-27,18,12,0.0,11.9,4,100,07:38 PM,06:46 AM,05:43 AM,06:04 PM,12,14,14,14,6,55,88,6.5,1018,18,7,142,4,bogota
2021-05-28,18,10,0.0,10.5,4,83,08:42 PM,07:50 AM,05:43 AM,06:05 PM,12,14,14,14,5,59,88,5.1,1017,18,10,174,4,bogota
2021-05-29,17,12,0.0,9.2,4,76,09:43 PM,08:54 AM,05:43 AM,06:05 PM,13,14,14,14,3,68,91,19.5,1015,17,9,190,3,bogota
2021-05-30,15,12,0.0,9.2,3,69,10:38 PM,09:54 AM,05:43 AM,06:05 PM,12,13,13,13,3,63,94,6.9,1017,15,8,112,2,bogota
2021-05-31,18,12,0.0,11.9,4,65,11:29 PM,10:50 AM,05:43 AM,06:05 PM,12,14,14,14,6,56,88,3.5,1017,18,9,134,5,bogota
2021-06-01,17,12,0.0,10.5,3,49,No moonrise,11:41 AM,05:43 AM,06:05 PM,12,14,14,14,5,63,90,4.1,1017,17,8,140,4,bogota
2021-06-02,17,11,0.0,10.5,4,41,12:15 AM,12:28 PM,05:43 AM,06:06 PM,12,14,14,14,5,60,88,6.4,1016,17,7,153,3,bogota
2021-06-03,19,12,0.0,12.6,4,34,12:57 AM,01:13 PM,05:44 AM,06:06 PM,12,15,15,15,6,57,87,10.5,1016,19,9,132,4,bogota
2021-06-04,14,11,0.0,7.9,3,26,01:37 AM,01:56 PM,05:44 AM,06:06 PM,11,13,13,13,5,68,93,26.2,1018,14,8,87,4,bogota
2021-06-05,19,11,0.0,10.5,4,19,02:16 AM,02:38 PM,05:44 AM,06:06 PM,12,15,15,15,7,74,84,9.7,1016,19,9,133,5,bogota
2021-06-06,18,12,0.0,9.2,4,11,02:55 AM,03:21 PM,05:44 AM,06:06 PM,12,15,14,15,6,74,88,6.7,1016,18,8,127,4,bogota
2021-06-07,17,11,0.0,9.2,3,4,03:35 AM,04:05 PM,05:44 AM,06:07 PM,11,13,14,13,5,64,91,11.1,1016,17,8,139,3,bogota
2021-06-08,15,12,0.0,7.9,3,0,04:16 AM,04:51 PM,05:44 AM,06:07 PM,11,13,13,13,3,64,92,3.2,1017,15,7,110,2,bogota
2021-06-09,16,11,0.0,11.9,3,0,05:01 AM,05:39 PM,05:44 AM,06:07 PM,12,13,13,13,4,68,93,4.8,1017,16,9,175,3,bogota
2021-06-10,15,11,0.0,10.5,3,0,05:48 AM,06:28 PM,05:45 AM,06:07 PM,11,13,13,13,3,67,92,3.9,1018,15,7,163,2,bogota
2021-06-11,18,11,0.0,7.9,4,4,06:37 AM,07:20 PM,05:45 AM,06:08 PM,12,14,14,14,5,78,88,14.4,1017,18,8,161,3,bogota
2021-06-12,15,9,0.0,9.2,3,11,07:29 AM,08:12 PM,05:45 AM,06:08 PM,12,12,12,12,5,72,93,10.9,1018,15,8,146,3,bogota
2021-06-13,18,9,0.0,10.5,4,19,08:21 AM,09:03 PM,05:45 AM,06:08 PM,11,13,13,13,8,57,85,7.7,1017,18,8,138,5,bogota
2021-06-14,17,11,0.0,10.5,3,26,09:14 AM,09:52 PM,05:45 AM,06:08 PM,11,14,14,14,6,60,86,2.0,1018,17,9,131,4,bogota
2021-06-15,17,10,0.0,10.5,3,34,10:05 AM,10:40 PM,05:46 AM,06:08 PM,11,13,13,13,7,67,87,6.6,1018,17,9,135,4,bogota
2021-06-16,13,10,0.0,10.5,3,42,10:55 AM,11:26 PM,05:46 AM,06:09 PM,10,11,11,11,6,59,92,14.0,1019,13,8,104,4,bogota
2021-06-17,18,9,0.0,10.5,3,49,11:44 AM,No moonset,05:46 AM,06:09 PM,10,12,13,12,10,49,83,3.3,1018,18,10,121,6,bogota
2021-06-18,16,9,0.0,10.5,3,57,12:33 PM,12:11 AM,05:46 AM,06:09 PM,10,12,13,12,10,50,85,1.4,1019,16,10,115,7,bogota
2021-06-19,17,10,0.0,7.9,3,64,01:24 PM,12:57 AM,05:46 AM,06:09 PM,11,13,13,13,8,63,88,4.6,1018,17,8,117,6,bogota
2021-06-20,14,10,0.0,7.9,3,72,02:16 PM,01:44 AM,05:47 AM,06:10 PM,11,12,12,12,7,63,92,11.0,1019,14,8,105,5,bogota
2021-06-21,19,10,0.0,11.9,4,79,03:12 PM,02:33 AM,05:47 AM,06:10 PM,10,14,15,14,9,53,81,5.4,1018,19,9,130,6,bogota
2021-06-22,18,8,0.0,12.6,4,87,04:12 PM,03:28 AM,05:47 AM,06:10 PM,9,13,14,13,9,42,79,1.5,1019,18,10,145,6,bogota
2021-06-23,17,9,0.0,12.6,3,94,05:16 PM,04:26 AM,05:47 AM,06:10 PM,10,12,13,12,8,52,83,1.8,1019,17,10,133,5,bogota
2021-06-24,18,10,0.0,12.6,4,100,06:20 PM,05:29 AM,05:47 AM,06:10 PM,10,13,14,13,7,56,83,1.6,1018,18,10,142,5,bogota
2021-06-25,17,9,0.0,11.9,3,100,07:25 PM,06:33 AM,05:48 AM,06:11 PM,10,13,14,13,9,53,85,2.0,1017,17,9,128,6,bogota
2021-06-26,16,9,0.0,12.6,3,83,08:24 PM,07:37 AM,05:48 AM,06:11 PM,10,12,13,12,7,52,87,2.1,1017,16,10,132,4,bogota
2021-06-27,16,10,0.0,9.2,3,75,09:19 PM,08:36 AM,05:48 AM,06:11 PM,11,13,13,13,7,73,87,6.2,1016,16,9,124,5,bogota
2021-06-28,14,10,0.0,9.2,3,68,10:08 PM,09:31 AM,05:48 AM,06:11 PM,11,12,12,12,7,74,90,6.0,1018,14,9,103,5,bogota
2021-06-29,16,9,0.0,11.9,3,60,10:52 PM,10:21 AM,05:49 AM,06:11 PM,10,12,12,12,9,56,88,2.3,1019,16,8,112,6,bogota
2021-06-30,15,9,0.0,11.9,3,53,11:34 PM,11:08 AM,05:49 AM,06:12 PM,9,11,12,11,9,51,87,1.3,1019,15,9,115,6,bogota
2021-07-01,17,10,0.0,12.6,3,51,No moonrise,11:52 AM,05:49 AM,06:12 PM,11,13,13,13,7,51,87,2.2,1017,17,10,132,5,bogota
2021-07-02,18,7,0.0,12.6,4,44,12:14 AM,12:35 PM,05:49 AM,06:12 PM,9,12,13,12,8,46,81,1.7,1019,18,10,130,5,bogota
2021-07-03,18,8,0.0,11.9,3,36,12:53 AM,01:18 PM,05:49 AM,06:12 PM,9,13,13,13,9,38,82,0.6,1019,18,10,124,6,bogota
2021-07-04,18,8,0.0,12.6,4,29,01:33 AM,02:02 PM,05:50 AM,06:12 PM,9,13,14,13,9,42,80,0.9,1019,18,10,128,7,bogota
2021-07-05,17,10,0.0,9.2,4,22,02:14 AM,02:47 PM,05:50 AM,06:12 PM,10,14,14,14,7,66,81,2.3,1019,17,10,129,6,bogota
2021-07-06,18,10,0.0,10.5,4,15,02:57 AM,03:34 PM,05:50 AM,06:12 PM,10,13,14,13,8,55,79,2.2,1019,18,10,134,6,bogota
2021-07-07,19,9,0.0,10.5,4,7,03:44 AM,04:23 PM,05:50 AM,06:12 PM,10,14,15,14,8,52,80,5.5,1017,19,10,132,5,bogota
2021-07-08,17,11,0.0,11.9,4,0,04:32 AM,05:15 PM,05:50 AM,06:13 PM,10,13,14,13,8,51,83,1.5,1017,17,10,121,6,bogota
2021-07-09,19,9,0.0,10.5,4,0,05:24 AM,06:07 PM,05:51 AM,06:13 PM,10,13,13,13,9,64,84,5.0,1017,19,8,128,6,bogota
2021-07-10,17,10,0.0,11.9,3,0,06:16 AM,06:59 PM,05:51 AM,06:13 PM,10,13,13,13,7,53,87,1.5,1017,17,9,108,5,bogota
2021-07-11,14,10,0.0,9.2,3,7,07:10 AM,07:50 PM,05:51 AM,06:13 PM,11,12,12,12,7,64,92,2.5,1017,14,6,115,5,bogota
2021-07-12,16,10,0.0,10.5,3,14,08:02 AM,08:38 PM,05:51 AM,06:13 PM,11,13,13,13,7,68,87,4.9,1017,16,9,113,6,bogota
2021-07-13,18,10,0.0,12.6,4,22,08:52 AM,09:25 PM,05:51 AM,06:13 PM,10,13,13,13,8,48,83,5.9,1018,18,8,130,5,bogota
2021-07-14,17,10,0.0,9.2,3,29,09:42 AM,10:10 PM,05:52 AM,06:13 PM,11,13,13,13,7,63,84,2.9,1018,17,9,116,6,bogota
2021-07-15,18,11,0.0,10.5,4,36,10:30 AM,10:54 PM,05:52 AM,06:13 PM,11,14,14,14,7,62,83,5.4,1017,18,9,128,5,bogota
2021-07-16,19,11,0.0,10.5,4,43,11:19 AM,11:40 PM,05:52 AM,06:13 PM,11,14,14,14,7,57,83,9.0,1017,19,9,128,5,bogota
2021-07-17,15,11,0.0,7.9,3,51,12:09 PM,No moonset,05:52 AM,06:13 PM,11,12,13,12,7,78,91,17.9,1018,15,8,106,6,bogota
2021-07-18,16,11,0.0,7.9,3,58,01:02 PM,12:27 AM,05:52 AM,06:13 PM,11,13,13,13,8,74,88,5.5,1018,16,10,113,6,bogota
2021-07-19,13,11,0.0,9.2,3,65,01:59 PM,01:18 AM,05:52 AM,06:13 PM,11,12,12,12,7,68,91,6.1,1019,13,7,111,6,bogota
2021-07-20,14,10,0.0,9.2,3,73,02:59 PM,02:12 AM,05:52 AM,06:13 PM,10,11,12,11,9,67,90,3.5,1019,14,7,116,7,bogota
2021-07-21,16,10,0.0,10.5,3,80,04:02 PM,03:12 AM,05:53 AM,06:13 PM,10,12,13,12,9,53,85,2.9,1019,16,9,111,7,bogota
2021-07-22,15,11,0.0,7.9,3,87,05:06 PM,04:14 AM,05:53 AM,06:13 PM,11,13,13,13,8,71,89,4.2,1020,15,9,122,6,bogota
2021-07-23,13,11,0.0,12.6,3,94,06:07 PM,05:18 AM,05:53 AM,06:13 PM,11,12,12,12,7,57,92,3.4,1020,13,9,119,6,bogota
2021-07-24,18,9,0.0,12.6,3,100,07:05 PM,06:19 AM,05:53 AM,06:13 PM,10,13,13,13,9,46,84,1.9,1018,18,10,130,6,bogota
2021-07-25,16,9,0.0,10.5,3,100,07:57 PM,07:17 AM,05:53 AM,06:13 PM,10,12,12,12,6,55,84,1.9,1018,16,10,124,4,bogota
2021-07-26,17,10,0.0,12.6,4,84,08:44 PM,08:10 AM,05:53 AM,06:13 PM,11,14,14,14,6,59,86,3.0,1017,17,8,149,4,bogota
2021-07-27,15,11,0.0,7.9,3,77,09:28 PM,08:59 AM,05:53 AM,06:13 PM,11,13,13,13,4,74,90,2.7,1018,15,9,130,3,bogota
2021-07-28,14,11,0.0,11.8,3,69,10:09 PM,09:46 AM,05:53 AM,06:12 PM,11,13,12,13,5,59,89,2.9,1018,14,10,137,4,bogota
2021-07-29,17,11,0.0,9.2,3,62,10:49 PM,10:29 AM,05:53 AM,06:12 PM,10,13,13,13,9,64,84,4.8,1019,17,9,127,7,bogota
2021-07-30,19,9,0.0,9.2,4,55,11:29 PM,11:13 AM,05:53 AM,06:12 PM,10,13,14,13,9,61,79,4.2,1019,19,10,126,6,bogota
2021-07-31,17,12,0.0,9.2,4,51,No moonrise,11:57 AM,05:53 AM,06:12 PM,11,14,14,14,9,68,82,5.1,1019,17,10,114,7,bogota
2021-08-01,18,10,0.0,10.5,4,40,12:10 AM,12:41 PM,05:53 AM,06:12 PM,10,13,14,13,10,60,82,3.2,1020,18,10,119,8,bogota
2021-08-02,13,11,0.0,9.2,3,33,12:52 AM,01:28 PM,05:53 AM,06:12 PM,10,12,12,12,7,65,89,5.7,1021,13,9,131,6,bogota
2021-08-03,12,9,0.0,10.5,3,26,01:38 AM,02:16 PM,05:53 AM,06:12 PM,9,10,11,10,9,57,88,2.1,1021,12,10,121,7,bogota
2021-08-04,14,8,0.0,10.5,3,18,02:25 AM,03:07 PM,05:53 AM,06:11 PM,9,10,11,10,9,53,83,0.3,1021,14,9,117,7,bogota
2021-08-05,14,7,0.0,11.8,3,11,03:16 AM,03:59 PM,05:53 AM,06:11 PM,9,11,11,11,9,40,85,0.3,1022,14,10,119,7,bogota
2021-08-06,18,10,0.0,9.2,4,4,04:09 AM,04:52 PM,05:53 AM,06:11 PM,10,13,14,13,9,57,79,1.2,1020,18,10,127,7,bogota
2021-08-07,19,8,0.0,12.6,4,0,05:02 AM,05:44 PM,05:53 AM,06:11 PM,9,14,14,14,8,32,75,0.7,1019,19,10,135,6,bogota
2021-08-08,18,10,0.0,11.8,4,0,05:55 AM,06:33 PM,05:53 AM,06:10 PM,11,14,14,14,6,54,82,3.9,1018,18,9,144,4,bogota
2021-08-09,17,10,0.0,9.2,4,3,06:47 AM,07:22 PM,05:53 AM,06:10 PM,11,14,14,14,7,68,86,8.6,1018,17,9,133,5,bogota
2021-08-10,17,11,0.0,7.9,3,11,07:38 AM,08:08 PM,05:53 AM,06:10 PM,11,13,13,13,9,72,86,7.3,1019,17,9,124,7,bogota
2021-08-11,18,11,0.0,9.2,4,18,08:27 AM,08:53 PM,05:53 AM,06:10 PM,10,14,14,14,10,55,79,3.9,1018,18,10,129,7,bogota
2021-08-12,17,9,0.0,11.8,3,25,09:17 AM,09:39 PM,05:53 AM,06:09 PM,10,13,13,13,8,49,80,2.4,1019,17,10,119,6,bogota
2021-08-13,16,9,0.0,12.6,3,32,10:07 AM,10:25 PM,05:53 AM,06:09 PM,9,12,12,12,9,42,83,0.7,1019,16,10,108,6,bogota
2021-08-14,16,8,0.0,12.6,3,40,10:59 AM,11:14 PM,05:53 AM,06:09 PM,10,13,13,13,5,50,85,1.9,1019,16,10,151,4,bogota
2021-08-15,18,10,0.0,9.2,4,47,11:53 AM,No moonset,05:53 AM,06:09 PM,10,14,14,14,7,62,81,4.3,1018,18,9,136,5,bogota
2021-08-16,18,8,0.0,10.5,3,54,12:50 PM,12:06 AM,05:53 AM,06:08 PM,10,12,12,12,9,60,84,4.6,1017,18,10,130,5,bogota
2021-08-17,18,10,0.0,11.8,3,61,01:51 PM,01:03 AM,05:53 AM,06:08 PM,11,13,13,13,7,57,86,3.9,1017,18,10,125,5,bogota
2021-08-18,17,10,0.0,9.2,3,69,02:53 PM,02:02 AM,05:53 AM,06:08 PM,11,13,13,13,8,72,86,7.3,1018,17,9,128,5,bogota
2021-08-19,18,10,0.0,12.5,4,76,03:54 PM,03:04 AM,05:53 AM,06:07 PM,11,14,14,14,5,58,86,4.0,1017,18,9,151,3,bogota
2021-08-20,16,9,0.0,10.5,3,83,04:52 PM,04:05 AM,05:52 AM,06:07 PM,11,12,12,12,4,66,91,8.7,1016,16,9,162,3,bogota
2021-08-21,17,9,0.0,10.5,3,91,05:46 PM,05:04 AM,05:52 AM,06:06 PM,10,13,13,13,10,60,85,2.8,1016,17,10,121,7,bogota
2021-08-22,19,10,0.0,9.2,4,98,06:35 PM,05:58 AM,05:52 AM,06:06 PM,11,14,15,14,8,68,82,5.2,1016,19,10,139,5,bogota
2021-08-23,20,9,0.0,12.5,4,100,07:20 PM,06:49 AM,05:52 AM,06:06 PM,10,14,14,14,9,39,79,2.3,1014,20,10,143,5,bogota
2021-08-24,18,11,0.0,10.5,4,88,08:03 PM,07:37 AM,05:52 AM,06:05 PM,12,15,15,15,6,53,85,4.0,1013,18,10,145,4,bogota
2021-08-25,17,10,0.0,11.8,3,80,08:44 PM,08:22 AM,05:52 AM,06:05 PM,11,14,14,14,6,60,89,7.4,1014,17,9,126,4,bogota
2021-08-26,21,9,0.0,11.8,4,73,09:24 PM,09:07 AM,05:52 AM,06:05 PM,10,14,15,14,9,40,78,0.5,1014,21,10,136,5,bogota
2021-08-27,18,8,0.0,12.5,3,66,10:05 PM,09:51 AM,05:51 AM,06:04 PM,8,12,12,12,8,25,77,0.2,1016,18,10,116,5,bogota
2021-08-28,18,9,0.0,11.8,3,59,10:47 PM,10:35 AM,05:51 AM,06:04 PM,10,13,13,13,8,47,84,1.1,1017,18,10,136,4,bogota
2021-08-29,19,9,0.0,11.8,4,51,11:31 PM,11:21 AM,05:51 AM,06:03 PM,10,13,13,13,8,45,82,1.0,1017,19,10,128,5,bogota
2021-08-30,17,9,0.0,10.5,3,44,No moonrise,12:09 PM,05:51 AM,06:03 PM,10,13,13,13,7,54,85,1.2,1016,17,9,140,4,bogota
2021-08-31,20,9,0.0,10.5,4,40,12:18 AM,12:59 PM,05:51 AM,06:02 PM,10,14,14,14,8,55,79,0.6,1016,20,10,145,5,bogota
2021-09-01,17,8,0.0,10.5,3,23,01:07 AM,01:50 PM,05:50 AM,06:02 PM,10,12,12,12,7,58,86,2.2,1018,17,10,154,4,bogota
2021-09-02,18,10,0.0,9.2,3,16,01:59 AM,02:42 PM,05:50 AM,06:02 PM,11,13,13,13,5,72,87,3.2,1018,18,9,148,3,bogota
2021-09-03,19,7,0.0,11.8,4,8,02:52 AM,03:34 PM,05:50 AM,06:01 PM,9,12,13,12,9,47,81,1.8,1017,19,10,135,5,bogota
2021-09-04,19,9,0.0,11.8,4,0,03:45 AM,04:25 PM,05:50 AM,06:01 PM,9,13,14,13,9,36,78,1.2,1016,19,10,142,5,bogota
2021-09-05,19,8,0.0,12.5,4,0,04:38 AM,05:14 PM,05:50 AM,06:00 PM,9,13,14,13,8,37,83,1.2,1016,19,10,134,5,bogota
2021-09-06,17,8,0.0,10.5,3,0,05:30 AM,06:01 PM,05:49 AM,06:00 PM,10,12,12,12,7,54,85,0.6,1017,17,10,148,4,bogota
2021-09-07,18,10,0.0,10.2,3,0,06:20 AM,06:48 PM,05:49 AM,05:59 PM,10,13,13,13,6,58,87,2.0,1017,18,9,136,4,bogota
2021-09-08,19,9,0.0,8.8,4,7,07:11 AM,07:35 PM,05:49 AM,05:59 PM,10,13,13,13,7,71,82,1.9,1016,19,10,143,4,bogota
2021-09-09,19,8,0.0,8.8,3,14,08:02 AM,08:21 PM,05:49 AM,05:58 PM,10,12,12,12,9,55,84,1.5,1017,19,10,118,5,bogota
2021-09-10,18,9,0.0,10.2,3,22,08:54 AM,09:11 PM,05:49 AM,05:58 PM,9,12,12,12,9,43,82,0.9,1017,18,10,124,5,bogota
2021-09-11,18,9,0.0,8.8,3,30,09:49 AM,10:03 PM,05:48 AM,05:57 PM,9,12,12,12,9,65,84,1.5,1018,18,9,131,6,bogota
2021-09-12,20,9,0.0,10.2,4,37,10:46 AM,10:58 PM,05:48 AM,05:57 PM,9,13,13,13,10,38,77,0.5,1017,20,10,139,6,bogota
2021-09-13,20,8,0.0,10.2,4,45,11:46 AM,11:56 PM,05:48 AM,05:57 PM,8,13,13,13,9,40,76,0.3,1018,20,10,126,6,bogota
2021-09-14,20,6,0.0,10.2,4,52,12:46 PM,No moonset,05:48 AM,05:56 PM,8,12,13,12,9,33,75,0.6,1017,20,10,142,5,bogota
2021-09-15,19,7,0.0,10.2,3,60,01:47 PM,12:57 AM,05:47 AM,05:56 PM,8,12,12,12,10,41,78,0.4,1017,19,10,139,6,bogota
2021-09-16,19,7,0.0,8.8,3,67,02:44 PM,01:57 AM,05:47 AM,05:55 PM,9,12,12,12,11,58,80,0.8,1019,19,10,118,7,bogota
2021-09-17,21,7,0.0,10.2,4,75,03:39 PM,02:55 AM,05:47 AM,05:55 PM,8,12,13,12,11,42,74,0.2,1019,21,10,124,7,bogota
2021-09-18,20,8,0.0,11.6,4,82,04:28 PM,03:50 AM,05:47 AM,05:54 PM,8,13,13,13,9,27,75,0.9,1017,20,10,134,6,bogota
2021-09-19,19,9,0.0,10.2,3,90,05:14 PM,04:41 AM,05:47 AM,05:54 PM,10,13,13,13,9,46,82,1.2,1016,19,10,144,5,bogota
2021-09-20,19,8,0.0,8.8,4,97,05:57 PM,05:30 AM,05:46 AM,05:53 PM,10,13,13,13,9,46,81,1.4,1016,19,10,138,5,bogota
2021-09-21,19,9,0.0,10.2,4,100,06:38 PM,06:15 AM,05:46 AM,05:53 PM,10,13,13,13,9,54,83,1.4,1016,19,10,140,5,bogota
2021-09-22,18,10,0.0,7.4,3,87,07:19 PM,07:00 AM,05:46 AM,05:52 PM,11,13,13,13,7,71,86,1.4,1016,18,10,139,5,bogota
2021-09-23,18,10,0.0,7.4,3,80,08:00 PM,07:44 AM,05:46 AM,05:52 PM,10,13,13,13,6,67,85,0.7,1016,18,10,124,4,bogota
2021-09-24,15,10,0.0,11.6,3,72,08:41 PM,08:28 AM,05:45 AM,05:51 PM,10,12,12,12,6,55,89,1.7,1018,15,8,133,4,bogota
2021-09-25,16,10,0.0,7.4,3,65,09:25 PM,09:14 AM,05:45 AM,05:51 PM,10,11,12,11,8,71,88,1.3,1019,16,9,121,6,bogota
2021-09-26,21,7,0.0,11.6,4,57,10:10 PM,10:01 AM,05:45 AM,05:50 PM,8,13,14,13,10,23,71,0.3,1018,21,10,125,6,bogota
2021-09-27,22,8,0.0,11.6,4,50,10:59 PM,10:50 AM,05:45 AM,05:50 PM,7,13,14,13,10,19,69,0.2,1018,22,10,137,6,bogota
2021-09-28,22,7,0.0,10.2,4,42,11:49 PM,11:41 AM,05:45 AM,05:50 PM,8,13,13,13,8,34,73,1.0,1017,22,10,149,5,bogota
2021-09-29,18,8,0.0,8.8,3,35,No moonrise,12:32 PM,05:44 AM,05:49 PM,10,13,13,13,7,44,84,1.9,1016,18,10,136,4,bogota
2021-09-30,18,10,0.0,7.4,3,27,12:41 AM,01:24 PM,05:44 AM,05:49 PM,11,13,13,13,6,55,86,2.1,1015,18,10,143,4,bogota
2021-10-01,20,8,0.0,10.2,4,26,01:34 AM,02:14 PM,05:44 AM,05:48 PM,9,13,13,13,8,43,81,0.4,1015,20,10,154,5,bogota
2021-10-02,19,9,0.0,8.8,4,19,02:25 AM,03:03 PM,05:44 AM,05:48 PM,10,13,13,13,8,52,82,1.5,1015,19,10,143,4,bogota
2021-10-03,19,9,0.0,8.8,3,12,03:18 AM,03:51 PM,05:44 AM,05:47 PM,10,13,13,13,8,53,85,1.7,1014,19,10,156,5,bogota
2021-10-04,19,9,0.0,8.8,4,4,04:08 AM,04:38 PM,05:43 AM,05:47 PM,10,13,13,13,8,55,85,2.0,1014,19,10,146,5,bogota
2021-10-05,19,8,0.0,10.2,4,0,04:59 AM,05:25 PM,05:43 AM,05:46 PM,9,13,13,13,9,48,81,0.9,1015,19,10,134,5,bogota
2021-10-06,17,9,0.0,10.2,3,0,05:51 AM,06:12 PM,05:43 AM,05:46 PM,10,12,12,12,8,59,86,0.7,1015,17,10,110,5,bogota
2021-10-07,20,8,0.0,8.8,4,3,06:43 AM,07:02 PM,05:43 AM,05:46 PM,9,12,13,12,11,53,79,1.2,1015,20,10,132,6,bogota
2021-10-08,17,10,0.0,8.8,3,10,07:39 AM,07:55 PM,05:43 AM,05:45 PM,11,13,13,13,5,68,86,1.3,1015,17,10,119,3,bogota
2021-10-09,18,8,0.0,8.8,3,17,08:37 AM,08:50 PM,05:43 AM,05:45 PM,10,12,12,12,7,53,87,2.0,1015,18,10,145,4,bogota
2021-10-10,19,9,0.0,8.8,4,25,09:38 AM,09:50 PM,05:42 AM,05:45 PM,10,13,13,13,6,48,85,1.3,1015,19,10,145,4,bogota
2021-10-11,18,8,0.0,8.8,3,32,10:40 AM,10:51 PM,05:42 AM,05:44 PM,10,13,13,13,7,48,84,0.9,1016,18,10,140,4,bogota
2021-10-12,19,10,0.0,10.2,4,39,11:42 AM,11:52 PM,05:42 AM,05:44 PM,11,14,13,14,6,57,84,1.3,1016,19,10,137,4,bogota
2021-10-13,20,9,0.0,8.8,4,46,12:40 PM,No moonset,05:42 AM,05:43 PM,10,14,14,14,6,50,82,2.3,1016,20,10,146,3,bogota
2021-10-14,20,9,0.0,8.8,4,54,01:36 PM,12:51 AM,05:42 AM,05:43 PM,11,14,14,14,8,51,84,2.7,1015,20,10,161,4,bogota
2021-10-15,19,9,0.0,6.0,4,61,02:25 PM,01:46 AM,05:42 AM,05:43 PM,10,13,13,13,6,70,85,2.3,1016,19,10,138,3,bogota
2021-10-16,17,10,0.0,10.2,3,68,03:12 PM,02:37 AM,05:42 AM,05:42 PM,10,13,13,13,8,59,87,1.6,1017,17,10,124,4,bogota
2021-10-17,17,10,0.0,7.4,3,76,03:55 PM,03:26 AM,05:42 AM,05:42 PM,11,13,13,13,6,64,87,2.3,1017,17,10,117,4,bogota
2021-10-18,19,8,0.0,10.2,3,83,04:36 PM,04:11 AM,05:42 AM,05:42 PM,9,13,13,13,8,45,81,0.7,1016,19,10,146,5,bogota
2021-10-19,21,7,0.0,11.6,4,90,05:16 PM,04:56 AM,05:41 AM,05:41 PM,8,12,13,12,7,24,75,0.5,1017,21,10,166,4,bogota
2021-10-20,18,10,0.0,7.4,3,97,05:56 PM,05:40 AM,05:41 AM,05:41 PM,10,13,13,13,6,74,87,1.8,1017,18,9,151,4,bogota
2021-10-21,19,7,0.0,10.2,3,100,06:37 PM,06:24 AM,05:41 AM,05:41 PM,9,12,12,12,7,46,85,1.3,1017,19,10,155,4,bogota
2021-10-22,16,9,0.0,7.4,3,88,07:20 PM,07:09 AM,05:41 AM,05:41 PM,11,12,12,12,3,59,91,2.8,1016,16,9,232,2,bogota
2021-10-23,17,9,0.0,7.4,3,81,08:05 PM,07:56 AM,05:41 AM,05:40 PM,11,13,13,13,5,65,89,2.7,1016,17,9,156,3,bogota
2021-10-24,20,7,0.0,10.2,3,74,08:52 PM,08:44 AM,05:41 AM,05:40 PM,10,13,13,13,7,56,85,2.0,1016,20,10,165,5,bogota
2021-10-25,19,8,0.0,8.8,3,66,09:42 PM,09:34 AM,05:41 AM,05:40 PM,11,13,13,13,6,49,88,1.0,1017,19,8,154,4,bogota
2021-10-26,18,10,0.0,8.8,3,59,10:32 PM,10:24 AM,05:41 AM,05:40 PM,11,13,13,13,5,65,90,5.5,1016,18,9,180,3,bogota
2021-10-27,14,10,0.0,7.4,3,52,11:24 PM,11:15 AM,05:41 AM,05:40 PM,10,12,11,12,5,64,92,2.6,1017,14,7,150,3,bogota
2021-10-28,15,9,0.0,8.8,3,44,No moonrise,12:05 PM,05:41 AM,05:39 PM,10,11,11,11,4,70,94,2.3,1018,15,7,123,2,bogota
2021-10-29,19,9,0.0,8.8,3,37,12:15 AM,12:54 PM,05:41 AM,05:39 PM,11,13,13,13,6,53,87,4.3,1016,19,10,164,4,bogota
2021-10-30,16,9,0.0,8.8,3,30,01:06 AM,01:41 PM,05:41 AM,05:39 PM,11,12,12,12,5,65,92,2.6,1016,16,8,166,3,bogota
2021-10-31,15,9,0.0,6.0,3,26,01:56 AM,02:27 PM,05:41 AM,05:39 PM,10,12,12,12,4,74,92,4.4,1017,15,8,216,2,bogota
2021-11-01,18,9,0.0,10.2,3,8,02:46 AM,03:13 PM,05:42 AM,05:39 PM,10,12,12,12,6,56,88,0.9,1017,18,6,148,4,bogota
2021-11-02,15,9,0.0,7.4,3,1,03:36 AM,04:00 PM,05:42 AM,05:39 PM,10,11,11,11,3,63,94,1.1,1017,15,7,172,2,bogota
2021-11-03,17,8,0.0,8.8,3,0,04:28 AM,04:48 PM,05:42 AM,05:39 PM,11,12,12,12,5,62,89,2.3,1015,17,8,198,3,bogota
2021-11-04,16,9,0.0,7.4,3,0,05:22 AM,05:40 PM,05:42 AM,05:38 PM,11,12,12,12,6,67,92,4.4,1016,16,9,147,3,bogota
2021-11-05,19,9,0.0,10.2,3,0,06:20 AM,06:35 PM,05:42 AM,05:38 PM,11,13,13,13,7,58,88,1.9,1015,19,8,150,4,bogota
2021-11-06,21,7,0.0,11.6,3,6,07:22 AM,07:36 PM,05:42 AM,05:38 PM,8,12,13,12,9,27,79,0.3,1016,21,10,136,5,bogota
2021-11-07,20,6,0.0,11.6,3,14,08:26 AM,08:38 PM,05:42 AM,05:38 PM,9,12,12,12,7,38,82,0.8,1016,20,10,163,4,bogota
2021-11-08,21,7,0.0,8.8,3,22,09:31 AM,09:42 PM,05:42 AM,05:38 PM,10,13,13,13,6,55,85,1.6,1016,21,9,164,4,bogota
2021-11-09,19,9,0.0,8.8,3,29,10:33 AM,10:44 PM,05:43 AM,05:38 PM,11,13,13,13,6,62,88,2.2,1016,19,8,150,4,bogota
2021-11-10,18,9,0.0,7.4,3,37,11:31 AM,11:42 PM,05:43 AM,05:38 PM,11,13,13,13,6,73,89,4.2,1015,18,8,173,4,bogota
2021-11-11,17,11,0.0,7.4,3,44,12:23 PM,No moonset,05:43 AM,05:38 PM,11,13,13,13,5,73,91,1.8,1016,17,7,145,3,bogota
2021-11-12,20,9,0.0,10.2,4,52,01:11 PM,12:35 AM,05:43 AM,05:38 PM,10,13,13,13,7,48,84,0.7,1015,20,7,182,5,bogota
2021-11-13,18,11,0.0,7.4,3,59,01:55 PM,01:25 AM,05:43 AM,05:38 PM,12,13,13,13,4,69,91,3.3,1015,18,8,204,2,bogota
2021-11-14,19,10,0.0,6.0,3,67,02:36 PM,02:10 AM,05:44 AM,05:39 PM,12,14,14,14,4,72,89,2.8,1015,19,9,191,3,bogota
2021-11-15,20,9,0.0,8.8,4,74,03:16 PM,02:55 AM,05:44 AM,05:39 PM,11,14,14,14,6,56,86,2.6,1015,20,10,172,4,bogota
2021-11-16,21,10,0.0,8.8,4,82,03:56 PM,03:38 AM,05:44 AM,05:39 PM,11,14,14,14,5,63,86,1.2,1014,21,8,149,3,bogota
2021-11-17,21,9,0.0,10.2,4,89,04:35 PM,04:21 AM,05:44 AM,05:39 PM,10,13,14,13,7,43,85,0.6,1015,21,9,227,5,bogota
2021-11-18,21,8,0.0,10.2,4,97,05:18 PM,05:06 AM,05:45 AM,05:39 PM,10,13,13,13,7,49,82,1.1,1015,21,8,160,5,bogota
2021-11-19,19,7,0.0,11.6,3,100,06:01 PM,05:52 AM,05:45 AM,05:39 PM,9,12,12,12,8,36,83,0.9,1015,19,10,176,5,bogota
2021-11-20,19,9,0.0,8.8,3,88,06:48 PM,06:39 AM,05:45 AM,05:39 PM,10,13,13,13,5,51,86,2.3,1015,19,10,134,3,bogota
2021-11-21,19,9,0.0,10.2,3,80,07:37 PM,07:29 AM,05:46 AM,05:39 PM,11,13,13,13,5,58,88,1.7,1015,19,8,156,3,bogota
2021-11-22,17,10,0.0,7.4,3,73,08:27 PM,08:19 AM,05:46 AM,05:40 PM,11,13,13,13,5,63,90,2.6,1015,17,9,154,3,bogota
2021-11-23,17,11,0.0,7.4,3,65,09:18 PM,09:10 AM,05:46 AM,05:40 PM,12,13,13,13,4,68,93,6.1,1015,17,9,195,3,bogota
2021-11-24,16,10,0.0,8.8,3,58,10:09 PM,10:00 AM,05:47 AM,05:40 PM,11,13,12,13,3,62,92,2.4,1016,16,7,136,2,bogota
2021-11-25,17,11,0.0,7.4,3,50,10:59 PM,10:48 AM,05:47 AM,05:40 PM,12,13,13,13,4,77,94,6.6,1016,17,9,203,3,bogota
2021-11-26,18,9,0.0,7.4,3,43,11:48 PM,11:35 AM,05:47 AM,05:41 PM,11,13,13,13,5,70,91,4.5,1015,18,8,156,3,bogota
2021-11-27,15,11,0.0,8.8,3,35,No moonrise,12:20 PM,05:48 AM,05:41 PM,11,13,13,13,3,62,93,9.9,1016,15,9,144,2,bogota
2021-11-28,17,11,0.0,6.0,3,28,12:36 AM,01:04 PM,05:48 AM,05:41 PM,12,14,13,14,3,69,90,10.8,1016,17,9,162,2,bogota
2021-11-29,19,8,0.0,8.8,3,20,01:24 AM,01:49 PM,05:49 AM,05:41 PM,11,13,13,13,8,61,87,2.2,1015,19,10,136,4,bogota
2021-11-30,17,8,0.0,10.2,3,12,02:13 AM,02:34 PM,05:49 AM,05:42 PM,10,12,13,12,8,60,87,2.1,1015,17,10,134,4,bogota
2021-12-01,21,7,0.0,11.6,3,12,03:05 AM,03:23 PM,05:49 AM,05:42 PM,9,12,13,12,8,49,83,0.7,1016,21,10,146,5,bogota
2021-12-02,20,7,0.0,10.2,3,5,04:00 AM,04:16 PM,05:50 AM,05:42 PM,10,13,13,13,7,51,85,1.4,1016,20,10,165,4,bogota
2021-12-03,22,8,0.0,10.2,4,0,04:59 AM,05:14 PM,05:50 AM,05:43 PM,10,13,13,13,8,50,83,1.2,1014,22,10,145,5,bogota
2021-12-04,21,8,0.0,10.2,3,0,06:03 AM,06:17 PM,05:51 AM,05:43 PM,10,12,13,12,9,48,83,1.1,1015,21,9,143,5,bogota
2021-12-05,21,7,0.0,10.2,4,2,07:10 AM,07:23 PM,05:51 AM,05:43 PM,10,13,14,13,10,41,82,0.8,1016,21,10,139,6,bogota
2021-12-06,21,8,0.0,10.2,4,10,08:15 AM,08:28 PM,05:52 AM,05:44 PM,10,13,13,13,8,41,82,0.8,1016,21,10,155,5,bogota
2021-12-07,22,8,0.0,10.2,4,17,09:18 AM,09:30 PM,05:52 AM,05:44 PM,10,13,14,13,9,49,82,0.4,1015,22,9,155,6,bogota
2021-12-08,22,7,0.0,10.2,4,24,10:15 AM,10:27 PM,05:53 AM,05:45 PM,9,13,13,13,10,44,80,0.7,1016,22,10,134,6,bogota
2021-12-09,20,9,0.0,8.8,4,31,11:07 AM,11:20 PM,05:53 AM,05:45 PM,12,14,14,14,6,62,87,2.0,1015,20,9,135,4,bogota
2021-12-10,21,10,0.0,10.2,4,39,11:53 AM,No moonset,05:54 AM,05:45 PM,12,15,15,15,5,45,86,1.1,1014,21,8,163,4,bogota
2021-12-11,20,9,0.0,10.2,4,46,12:35 PM,12:08 AM,05:54 AM,05:46 PM,11,14,14,14,8,52,85,0.9,1013,20,7,173,5,bogota
2021-12-12,19,8,0.0,10.2,4,53,01:16 PM,12:53 AM,05:54 AM,05:46 PM,10,13,13,13,10,48,82,0.4,1015,19,8,174,7,bogota
2021-12-13,21,5,0.0,11.6,4,61,01:56 PM,01:37 AM,05:55 AM,05:47 PM,8,13,13,13,9,28,76,0.4,1016,21,10,196,6,bogota
2021-12-14,19,11,0.0,6.0,4,68,02:35 PM,02:20 AM,05:55 AM,05:47 PM,12,14,14,14,4,73,88,1.6,1015,19,8,215,3,bogota
2021-12-15,20,9,0.0,10.2,4,75,03:16 PM,03:04 AM,05:56 AM,05:48 PM,12,14,14,14,4,62,88,2.1,1014,20,8,257,3,bogota
2021-12-16,19,11,0.0,6.0,4,82,03:59 PM,03:49 AM,05:56 AM,05:48 PM,12,14,14,14,4,72,89,1.5,1013,19,7,177,3,bogota
2021-12-17,21,8,0.0,10.2,4,90,04:45 PM,04:35 AM,05:57 AM,05:49 PM,11,13,14,13,8,54,85,1.7,1014,21,10,155,5,bogota
2021-12-18,20,10,0.0,7.4,4,97,05:33 PM,05:25 AM,05:57 AM,05:49 PM,12,14,14,14,4,69,89,2.6,1015,20,8,178,3,bogota
2021-12-19,18,10,0.0,7.4,4,100,06:23 PM,06:15 AM,05:58 AM,05:50 PM,12,14,14,14,4,71,90,1.8,1015,18,7,173,3,bogota
2021-12-20,20,12,0.0,6.0,4,89,07:14 PM,07:06 AM,05:58 AM,05:50 PM,13,15,15,15,4,81,90,2.1,1014,20,7,235,3,bogota
2021-12-21,18,11,0.0,6.0,4,81,08:05 PM,07:56 AM,05:59 AM,05:51 PM,12,14,14,14,4,73,89,1.5,1014,18,9,185,3,bogota
2021-12-22,20,10,0.0,8.8,4,74,08:55 PM,08:45 AM,05:59 AM,05:51 PM,12,14,14,14,6,60,87,1.3,1015,20,8,240,4,bogota
2021-12-23,20,9,0.0,11.5,4,67,09:44 PM,09:32 AM,06:00 AM,05:52 PM,12,14,14,14,5,43,85,0.4,1016,20,8,200,4,bogota
2021-12-24,20,12,0.0,10.1,4,59,10:31 PM,10:17 AM,06:00 AM,05:52 PM,12,15,15,15,5,38,85,0.4,1016,20,9,259,4,bogota
2021-12-25,18,10,0.0,4.3,4,52,11:18 PM,11:00 AM,06:01 AM,05:53 PM,13,14,14,14,3,77,89,1.5,1015,18,7,200,2,bogota
2021-12-26,19,11,0.0,5.8,4,45,No moonrise,11:44 AM,06:01 AM,05:53 PM,12,14,14,14,4,76,88,3.2,1015,19,10,154,3,bogota
2021-12-27,16,11,0.0,4.3,3,38,12:05 AM,12:26 PM,06:02 AM,05:54 PM,12,14,14,14,3,73,93,3.9,1016,16,10,164,2,bogota
2021-12-28,18,10,0.0,5.8,3,30,12:54 AM,01:12 PM,06:02 AM,05:54 PM,12,14,13,14,3,66,90,3.7,1015,18,7,150,2,bogota
2021-12-29,19,10,0.0,5.8,4,23,01:45 AM,02:01 PM,06:03 AM,05:55 PM,12,14,14,14,5,69,85,2.4,1015,19,10,167,3,bogota
2021-12-30,20,9,0.0,7.2,3,16,02:40 AM,02:55 PM,06:03 AM,05:55 PM,11,14,14,14,6,51,86,1.5,1015,20,10,151,4,bogota
2021-12-31,17,11,0.0,5.8,3,12,03:40 AM,03:54 PM,06:04 AM,05:56 PM,12,14,14,14,3,64,91,2.5,1015,17,8,167,2,bogota
